{
	"tree": 
	{
		"children": 
		[
			{
				"children": 
				[
					
				],

				"observation": 5
			},

			{
				"children": 
				[
					
				],

				"observation": 0
			}
		],

		"observation": 28
	},

	"probabilityModel": 
	{
		"transitionProbabilities": 
		[
			[
				[
					0.3728886879543287,
					0.6271113120456713
				],

				[
					0.30296946192954777,
					0.6970305380704522
				],

				[
					0.5572762044084405,
					0.4427237955915595
				]
			],

			[
				[
					0.3864334172324332,
					0.6135665827675668
				],

				[
					0.7400421792029536,
					0.2599578207970463
				],

				[
					0.49654484861086756,
					0.5034551513891323
				]
			],

			[
				[
					0.5044423732602552,
					0.4955576267397447
				],

				[
					0.2752197140076594,
					0.7247802859923406
				],

				[
					0.11089657859607299,
					0.889103421403927
				]
			]
		],

		"stateCount": 2,
		"observationCount": 46,
		"observationProbabilities": 
		[
			[
				0.021586571869331602,
				0.01817806503241227,
				0.025099438297431408,
				0.04649925683694221,
				0.02420845544469788,
				0.01873937412072238,
				0.0021595298856391526,
				0.026730172608372592,
				3.512414614539268E-4,
				0.042457618107186804,
				0.003998770529087563,
				0.004027402411297467,
				0.043230147842562884,
				0.023620864335173356,
				5.5126006684347676E-5,
				0.04482140864640412,
				0.020959247848912635,
				0.011676292758735307,
				0.02148934281844861,
				0.04204886136330459,
				0.014834238788814917,
				0.012821944201660168,
				0.0149094654922913,
				0.04133812544465911,
				0.006178351783378165,
				0.028247207493253493,
				0.01248992298185997,
				0.014456899309450178,
				0.028094367365034404,
				0.013823829318643866,
				0.003056356751401951,
				0.024837165611301802,
				0.02666654557488245,
				0.03311899952156201,
				0.044983319095012304,
				0.041450109798090815,
				0.026219887070946482,
				0.004531868255087923,
				0.008909993910773592,
				0.04115024471708474,
				0.020355190181017887,
				0.0031695779950601777,
				0.008352325332406789,
				0.031178700797686566,
				0.019000469171083254,
				0.03388770581275485
			],

			[
				0.032426224416328774,
				0.021607077229376805,
				0.020106378187748655,
				0.0037129203456676696,
				0.030214009155280486,
				0.003104920513567309,
				0.025885968459831897,
				0.01938296753166337,
				0.01282628925124922,
				0.03838882378811866,
				0.029836546829393323,
				0.020515455796779113,
				0.00475106394377023,
				0.012360893337904254,
				0.01896249352104132,
				0.04197303714829016,
				0.0417118340645795,
				0.00818533130694445,
				0.03426372958224239,
				0.03363205247156182,
				0.03775996005261,
				0.007435226811403212,
				0.02450861309920574,
				0.03915710997968237,
				0.013006862793369744,
				0.011721021580132883,
				0.039857407166898645,
				0.03086036630673088,
				0.008756280439331552,
				0.041140425338605666,
				0.025069819858235066,
				0.020221146096395463,
				0.021805624710520114,
				4.845982057824564E-4,
				0.008139488937581598,
				0.024408069983755023,
				0.002899416746242851,
				0.009664318422283375,
				0.014435025774031317,
				0.04102735256602213,
				0.032478460490791734,
				0.021282111288159048,
				0.015705679145259836,
				0.0017653464935913118,
				0.027699730387864947,
				0.02486252044417375
			]
		]
	}
}