{
	"tree": 
	{
		"children": 
		[
			{
				"children": 
				[
					
				],

				"observation": 4
			},

			{
				"children": 
				[
					
				],

				"observation": 4
			}
		],

		"observation": 6
	},

	"probabilityModel": 
	{
		"transitionProbabilities": 
		[
			[
				[
					0.7335658345749126,
					0.26643416542508735
				],

				[
					0.45505267390364224,
					0.5449473260963578
				],

				[
					0.49917437892926986,
					0.5008256210707301
				]
			],

			[
				[
					0.14942720306777457,
					0.8505727969322254
				],

				[
					0.6950387493191026,
					0.3049612506808974
				],

				[
					0.469946907748,
					0.530053092252
				]
			],

			[
				[
					0.6275311347498206,
					0.3724688652501794
				],

				[
					0.125068383653312,
					0.874931616346688
				],

				[
					0.6801989014987719,
					0.319801098501228
				]
			]
		],

		"stateCount": 2,
		"observationCount": 13,
		"observationProbabilities": 
		[
			[
				0.1377405427301166,
				0.05705807410879922,
				0.09355998287407158,
				0.0212307860928764,
				0.09793845277510216,
				0.10213232935453324,
				0.027986429452045956,
				0.1007115465145106,
				0.0597489418452995,
				0.10011006806931783,
				0.14309921461121577,
				0.04465042691097661,
				0.014033204661134672
			],

			[
				0.06618548143599644,
				0.07242719033329946,
				0.09386409847630134,
				0.09911891023283677,
				0.09021903274388755,
				0.06407611777899289,
				0.0741931614646005,
				0.10564745530845651,
				0.06969851907819277,
				0.032138373075390005,
				0.13512661779078183,
				0.05621643557159939,
				0.041088606709664584
			]
		]
	}
}