{
	"tree": 
	{
		"children": 
		[
			{
				"children": 
				[
					
				],

				"observation": 27
			},

			{
				"children": 
				[
					
				],

				"observation": 19
			}
		],

		"observation": 15
	},

	"probabilityModel": 
	{
		"transitionProbabilities": 
		[
			[
				[
					0.3126816434329326,
					0.6873183565670673
				],

				[
					0.37938852160460884,
					0.6206114783953911
				],

				[
					0.639958036890526,
					0.36004196310947406
				]
			],

			[
				[
					0.5853141175797218,
					0.4146858824202781
				],

				[
					0.15386297382248865,
					0.8461370261775113
				],

				[
					0.6110024861204165,
					0.38899751387958353
				]
			],

			[
				[
					0.8415276883534747,
					0.15847231164652525
				],

				[
					0.5343470361018234,
					0.4656529638981766
				],

				[
					0.3588958027521703,
					0.6411041972478297
				]
			]
		],

		"stateCount": 2,
		"observationCount": 35,
		"observationProbabilities": 
		[
			[
				0.04650281054494287,
				0.04047281905542761,
				0.015406949515120998,
				0.040600416831949815,
				0.05653317294894297,
				0.008952011267123822,
				0.05560964734599965,
				0.01087653102678732,
				0.008264949208158208,
				0.019865022721236726,
				0.020994589729998975,
				0.027841321116641494,
				0.007789241063505565,
				0.004841958111089296,
				0.00825279471511591,
				0.053434151121703174,
				0.05803476261797502,
				0.012257373753707407,
				0.0026148419908787364,
				0.0055211331699369336,
				0.04322397946472014,
				0.02947285065096413,
				0.05705535015544475,
				0.0332157824214896,
				0.0583601855927667,
				0.05983107076114867,
				0.0509043970828303,
				0.004455302508264874,
				0.006711614849468961,
				0.01821828961049829,
				0.0530185371755163,
				1.2261097729408018E-4,
				0.02404711501310412,
				0.039903806798959364,
				0.01679260908128708
			],

			[
				0.01693102081852009,
				0.04076355700277276,
				0.021165563910358124,
				0.027138622863400918,
				0.03152846850187645,
				0.017617556805843128,
				0.05262391600692442,
				0.038994079732926554,
				0.04438518437805011,
				0.01405719529698949,
				0.029893318196855118,
				0.0277402324822756,
				0.04442136694371399,
				0.023899861671301762,
				0.043188804292659234,
				0.044019976120025055,
				0.022697187287764216,
				0.010654889313476587,
				0.03561115216121305,
				0.032442908455986866,
				0.03678098975894303,
				0.012846240857198462,
				0.0376493846834219,
				0.01712011022593863,
				0.024995537909303145,
				0.029205989992659873,
				0.029597107140483563,
				0.04892343483824936,
				0.01239233165658157,
				0.04712544712990956,
				0.021621281657816342,
				0.03179873992927754,
				0.010832293709536244,
				0.012006385516539604,
				0.007329862751207682
			]
		]
	}
}