{
	"tree": 
	{
		"children": 
		[
			{
				"children": 
				[
					
				],

				"observation": 17
			},

			{
				"children": 
				[
					
				],

				"observation": 18
			}
		],

		"observation": 22
	},

	"probabilityModel": 
	{
		"transitionProbabilities": 
		[
			[
				[
					0.3412997322814147,
					0.31624115879343095,
					0.3424591089251544
				],

				[
					0.1657923005052509,
					0.38036192911810646,
					0.45384577037664253
				],

				[
					0.3936120209432817,
					0.3565723315782101,
					0.24981564747850812
				],

				[
					0.1665831045301152,
					0.463350131091955,
					0.3700667643779299
				]
			],

			[
				[
					0.20334636387433944,
					0.2963586041693677,
					0.500295031956293
				],

				[
					0.23348189919377685,
					0.6315191015598384,
					0.13499899924638478
				],

				[
					0.7244807221083908,
					0.16069406145973703,
					0.11482521643187232
				],

				[
					0.16223205651092173,
					0.14435593105696715,
					0.6934120124321111
				]
			],

			[
				[
					0.451719348885259,
					0.11462599079473988,
					0.43365466032000094
				],

				[
					0.15207324464225952,
					0.5848984563188802,
					0.26302829903886044
				],

				[
					0.589578006195959,
					0.0791156654856483,
					0.3313063283183927
				],

				[
					0.42345242539572725,
					0.5257174829354574,
					0.050830091668815365
				]
			],

			[
				[
					0.6635594757966752,
					0.11449111993155311,
					0.22194940427177173
				],

				[
					0.23462267690317617,
					0.4864213675152053,
					0.2789559555816184
				],

				[
					0.5486058404026777,
					0.010243957943237672,
					0.44115020165408464
				],

				[
					0.37002018675325477,
					0.2998113327560033,
					0.3301684804907419
				]
			]
		],

		"stateCount": 3,
		"observationCount": 38,
		"observationProbabilities": 
		[
			[
				0.010841145613766548,
				0.04535228665022713,
				0.04312525615446521,
				0.0330247508615529,
				0.04047100984955734,
				0.023901679143291794,
				0.04225340295828134,
				0.004217430968111901,
				0.017378596867524125,
				0.010543494799364683,
				0.03853072685529698,
				0.035338104919700276,
				0.027047732964140293,
				0.042374195451934014,
				0.03832703575805924,
				0.017185753648555475,
				0.020408390908202175,
				0.042376821160268315,
				0.033508565247132874,
				0.0062442623536184344,
				0.0011766244533201894,
				0.03610780846971474,
				0.049993220959189635,
				0.04137918239931496,
				0.0052086242028597995,
				0.019735731936217193,
				0.01849153658131704,
				0.01566920129238176,
				0.013931823482150761,
				0.047836458497018626,
				0.032019621884801744,
				0.00576661327260503,
				0.03288155717127853,
				0.050281123906987066,
				0.00898763706119627,
				0.01257991056381682,
				0.03111664784910439,
				0.004386032883674379
			],

			[
				0.021556013855724886,
				0.006647917926577049,
				0.02969257363819415,
				0.041331997853808776,
				0.027603238421016692,
				0.0023710431466530714,
				0.003156456890572623,
				0.041246041030571674,
				0.0382742213110269,
				0.016366823333291796,
				0.017688258086398838,
				0.04576696560365561,
				0.005008728766896969,
				0.041004226556721986,
				0.027987927556144234,
				0.040210201003606616,
				0.005626710472275709,
				0.02249304936918833,
				0.034589235592356216,
				0.045842987347156736,
				0.022012037885355315,
				0.04406449228671113,
				0.0060383398425594035,
				0.016511937850156307,
				0.04508015345020016,
				0.040952298662702016,
				0.02620472791739589,
				0.0061301816196371265,
				0.04009583080914607,
				0.022748725091812035,
				3.2811969988981557E-4,
				0.03841534133179086,
				0.04101559200494072,
				0.03853969438872237,
				0.022935184834908324,
				0.002100419352012051,
				0.039088110546634594,
				0.03327419466358713
			],

			[
				0.013601846283054267,
				0.042356084600249165,
				0.01036837960582528,
				0.03030318627670513,
				0.02234563925901555,
				0.03279383292707847,
				0.0061590809986765355,
				0.0023284784570117845,
				0.04093922117061878,
				0.009610026400898064,
				0.04291752088532311,
				0.03145916125564942,
				0.026315070383361037,
				0.006212893986812438,
				0.024575609056113553,
				0.0165964808912297,
				0.024327704864699037,
				0.030385178078126563,
				6.2094176295307E-4,
				0.03579008594933084,
				0.016461980462431552,
				0.025089150384685826,
				0.020912713447575056,
				0.03976137974234796,
				0.03996971731602749,
				0.016220231402317025,
				0.03003726709373213,
				0.029537266239563695,
				0.02549279079531376,
				0.042597785149747686,
				0.040377473862142736,
				0.04252248570072718,
				0.03601478795025347,
				0.015888086768967236,
				0.014240340829211141,
				0.043511872000722485,
				0.03134180581226775,
				0.040016441949233886
			]
		]
	}
}