{
	"tree": 
	{
		"children": 
		[
			{
				"children": 
				[
					
				],

				"observation": 20
			},

			{
				"children": 
				[
					
				],

				"observation": 24
			}
		],

		"observation": 12
	},

	"probabilityModel": 
	{
		"transitionProbabilities": 
		[
			[
				[
					0.483509876140462,
					0.5164901238595381
				],

				[
					0.4165664523607858,
					0.5834335476392141
				],

				[
					0.30854296545851734,
					0.6914570345414827
				]
			],

			[
				[
					0.5168586825812101,
					0.4831413174187899
				],

				[
					0.2171886067826675,
					0.7828113932173326
				],

				[
					0.18972000029793723,
					0.8102799997020629
				]
			],

			[
				[
					0.24449227358298709,
					0.7555077264170129
				],

				[
					0.8909683007036112,
					0.10903169929638883
				],

				[
					0.6428643909894549,
					0.357135609010545
				]
			]
		],

		"stateCount": 2,
		"observationCount": 34,
		"observationProbabilities": 
		[
			[
				0.03312312478923539,
				0.056599137522155035,
				0.05370777134108717,
				0.019461078920173253,
				0.004556185391731499,
				0.018981964843371495,
				0.005914593719843878,
				0.008331067261631587,
				9.523487547272027E-4,
				0.0025110784634695058,
				0.00483048265537114,
				0.049106899904848594,
				0.02380234410018727,
				0.00617801895174016,
				0.03901894345784903,
				0.03524653630042249,
				0.003611266259445348,
				0.016856001478270367,
				0.012259011642006995,
				0.04181153743513933,
				0.011800064742285447,
				0.03823837259553473,
				0.04679199045590975,
				0.029680097340861303,
				0.019651156634225588,
				0.03751799578512327,
				0.03014042880318414,
				0.05365521582790341,
				0.006623632159570103,
				0.06294463875273301,
				0.05736319128489787,
				0.057240242560744586,
				0.05539473325922135,
				0.05609884660509861
			],

			[
				0.01548706429362968,
				0.03657399798197289,
				0.0017665182541543808,
				0.029173379413028947,
				0.03792557596453889,
				0.012578310294793008,
				0.0020774881119725655,
				0.042710963293649706,
				0.03047936172917253,
				0.024262864229990425,
				0.006397769054369404,
				0.0017005549920921347,
				0.029366290478842445,
				0.03888286478094101,
				0.05088958714315986,
				0.041425173913371735,
				0.016633521514491965,
				2.658511104643237E-4,
				0.01465146778186639,
				0.0075115556425210004,
				0.04327834626230767,
				0.056214770400037084,
				0.053966302351103564,
				0.022648998391551142,
				0.049675582456897495,
				0.04143777903675151,
				0.014386529063897167,
				0.028670557339191792,
				0.02475143060880568,
				0.04796941856171488,
				0.04730056254706637,
				0.049924656861968335,
				0.031468848199777875,
				0.047546057939905864
			]
		]
	}
}